{"indice":[0,4,14,18,82,9],"isChange":[false,true,true,false,false,false],"k1":[0.0,0.99957931041717529,0.999580979347229,0.0,0.0,0.0],"k2":[0.0,0.95030075311660767,0.95029932260513306,0.0,0.0,0.0]}
